id,rnd,last_sel,sel,part,loss,acc,data,grad,cos,ep,pcdi,contrib
0.000000000000000000e+00,9.700000000000000000e+01,9.400000000000000000e+01,0.000000000000000000e+00,8.000000000000000000e+00,3.519927784800529480e-01,9.423076923076922906e-01,2.650000000000000000e+02,1.778815981127461754e+00,9.994856655128026013e-01,1.000000000000000000e+00,4.514889999999999418e+04,0.000000000000000000e+00
1.000000000000000000e+00,9.700000000000000000e+01,8.800000000000000000e+01,0.000000000000000000e+00,9.000000000000000000e+00,5.352269485592842102e-02,9.375000000000000000e-01,8.540000000000000000e+02,5.541110812093497096e-02,9.998436232411984648e-01,5.000000000000000000e+00,9.002100000000000364e+03,0.000000000000000000e+00
2.000000000000000000e+00,9.700000000000000000e+01,9.100000000000000000e+01,0.000000000000000000e+00,1.100000000000000000e+01,4.822617173194885254e-01,9.200000000000000400e-01,7.180000000000000000e+02,6.560620317270904778e+00,9.997545968207903755e-01,3.000000000000000000e+00,2.312889999999999782e+04,0.000000000000000000e+00
3.000000000000000000e+00,9.700000000000000000e+01,8.700000000000000000e+01,0.000000000000000000e+00,7.000000000000000000e+00,4.482219889760017395e-01,9.354838709677418818e-01,2.810000000000000000e+02,2.183489259298096563e+00,9.995840755262040966e-01,1.000000000000000000e+00,4.829439999999999418e+04,0.000000000000000000e+00
4.000000000000000000e+00,9.700000000000000000e+01,9.000000000000000000e+01,0.000000000000000000e+00,1.300000000000000000e+01,3.444123417139053345e-01,9.111111111111110938e-01,6.230000000000000000e+02,2.929618572636234486e+00,9.997309937273101133e-01,3.000000000000000000e+00,6.980399999999999636e+03,0.000000000000000000e+00
5.000000000000000000e+00,9.700000000000000000e+01,8.500000000000000000e+01,0.000000000000000000e+00,5.000000000000000000e+00,5.683670341845754592e-01,9.242424242424241987e-01,6.950000000000000000e+02,4.101042759869640286e-01,9.999009278488523167e-01,5.000000000000000000e+00,9.175640000000000873e+04,0.000000000000000000e+00
6.000000000000000000e+00,9.700000000000000000e+01,9.500000000000000000e+01,0.000000000000000000e+00,1.100000000000000000e+01,1.113895911723375320e+00,9.594594594594594295e-01,2.480000000000000000e+02,4.916058191857886617e-01,9.999388627989659328e-01,5.000000000000000000e+00,3.728890000000000146e+04,0.000000000000000000e+00
7.000000000000000000e+00,9.700000000000000000e+01,8.500000000000000000e+01,0.000000000000000000e+00,9.000000000000000000e+00,4.721806347370147705e-01,9.166666666666666297e-01,8.640000000000000000e+02,2.125483254168049285e+00,9.999137673279652194e-01,5.000000000000000000e+00,6.465160000000000582e+04,0.000000000000000000e+00
8.000000000000000000e+00,9.700000000000000000e+01,9.300000000000000000e+01,0.000000000000000000e+00,8.000000000000000000e+00,4.028271138668060303e-01,9.180327868852459217e-01,3.930000000000000000e+02,9.017854787586366844e-04,9.998556634431584600e-01,4.000000000000000000e+00,6.952689999999997963e+04,0.000000000000000000e+00
9.000000000000000000e+00,9.700000000000000000e+01,9.600000000000000000e+01,0.000000000000000000e+00,8.000000000000000000e+00,5.706284940242767334e-01,9.146341463414634498e-01,3.470000000000000000e+02,4.236726736477408828e+00,9.999242783414276081e-01,4.000000000000000000e+00,6.515410000000000582e+04,0.000000000000000000e+00
1.000000000000000000e+01,9.700000000000000000e+01,9.400000000000000000e+01,0.000000000000000000e+00,8.000000000000000000e+00,3.628254258073866367e-01,9.565217391304348116e-01,2.150000000000000000e+02,1.985326786896401297e+00,9.999025940919219479e-01,5.000000000000000000e+00,5.521560000000000582e+04,0.000000000000000000e+00
1.100000000000000000e+01,9.700000000000000000e+01,9.600000000000000000e+01,0.000000000000000000e+00,2.400000000000000000e+01,6.270687878131866455e-01,8.775510204081632404e-01,1.006000000000000000e+03,9.555307303462389212e-01,9.999289458856867041e-01,5.000000000000000000e+00,1.373409999999999854e+04,0.000000000000000000e+00
1.200000000000000000e+01,9.700000000000000000e+01,9.300000000000000000e+01,0.000000000000000000e+00,8.000000000000000000e+00,3.006907701492309570e-01,9.574468085106383475e-01,2.680000000000000000e+02,2.013235192596979140e+00,9.998287730172130683e-01,4.000000000000000000e+00,5.152090000000000146e+04,0.000000000000000000e+00
1.300000000000000000e+01,9.700000000000000000e+01,8.400000000000000000e+01,0.000000000000000000e+00,6.000000000000000000e+00,5.294075665296986699e-01,9.552238805970149071e-01,5.030000000000000000e+02,1.099037689156804887e-01,9.999248270396611238e-01,5.000000000000000000e+00,7.717289999999999418e+04,0.000000000000000000e+00
1.400000000000000000e+01,9.700000000000000000e+01,9.300000000000000000e+01,0.000000000000000000e+00,8.000000000000000000e+00,5.036167353391647339e-01,9.436619718309858795e-01,6.140000000000000000e+02,2.987255935734492773e+00,9.992387821358541533e-01,1.000000000000000000e+00,7.883400000000000000e+04,0.000000000000000000e+00
1.500000000000000000e+01,9.700000000000000000e+01,8.500000000000000000e+01,0.000000000000000000e+00,5.000000000000000000e+00,2.404021564871072769e-02,1.000000000000000000e+00,1.133000000000000000e+03,1.352909419756347445e-02,9.999368247934327103e-01,4.000000000000000000e+00,1.310769000000000233e+05,0.000000000000000000e+00
1.600000000000000000e+01,9.700000000000000000e+01,9.400000000000000000e+01,0.000000000000000000e+00,8.000000000000000000e+00,4.808457493782043457e-01,9.354838709677418818e-01,2.280000000000000000e+02,3.549738248179710620e+00,9.994954895713139553e-01,2.000000000000000000e+00,5.571400000000000000e+04,0.000000000000000000e+00
1.700000000000000000e+01,9.700000000000000000e+01,9.700000000000000000e+01,1.000000000000000000e+00,8.000000000000000000e+00,4.213823229074478149e-01,9.180327868852459217e-01,1.092000000000000000e+03,7.166306742223607987e-03,9.998637327508917982e-01,3.000000000000000000e+00,4.399839999999999418e+04,1.499999999999945821e-03
1.800000000000000000e+01,9.700000000000000000e+01,9.700000000000000000e+01,1.000000000000000000e+00,8.000000000000000000e+00,8.886764443013817072e-02,9.850746268656715987e-01,7.100000000000000000e+02,3.258282422744384621e-01,9.996182187176358980e-01,2.000000000000000000e+00,5.622000000000000000e+04,-7.399999999999962164e-03
1.900000000000000000e+01,9.700000000000000000e+01,9.300000000000000000e+01,0.000000000000000000e+00,7.000000000000000000e+00,6.471376633271574974e-03,1.000000000000000000e+00,7.450000000000000000e+02,5.024993428130755113e-01,9.996917204129029955e-01,2.000000000000000000e+00,6.108800000000000000e+04,0.000000000000000000e+00
2.000000000000000000e+01,9.700000000000000000e+01,9.700000000000000000e+01,1.000000000000000000e+00,8.000000000000000000e+00,9.937738776206970215e-01,9.242424242424241987e-01,1.007000000000000000e+03,1.084828809225531487e-01,9.999352394828394663e-01,5.000000000000000000e+00,7.104959999999999127e+04,-3.600000000000047606e-03
2.100000000000000000e+01,9.700000000000000000e+01,9.000000000000000000e+01,0.000000000000000000e+00,6.000000000000000000e+00,4.448659419895193423e-01,9.384615384615384581e-01,5.670000000000000000e+02,2.078814829471510084e+00,9.995653777903051873e-01,2.000000000000000000e+00,1.932208999999999651e+05,0.000000000000000000e+00
2.200000000000000000e+01,9.700000000000000000e+01,8.700000000000000000e+01,0.000000000000000000e+00,1.000000000000000000e+01,1.458004444837570190e+00,9.594594594594594295e-01,9.080000000000000000e+02,4.959994514470068561e-01,9.999349386132343476e-01,5.000000000000000000e+00,1.699255999999999767e+05,0.000000000000000000e+00
2.300000000000000000e+01,9.700000000000000000e+01,9.600000000000000000e+01,0.000000000000000000e+00,2.600000000000000000e+01,1.629119277000427246e+00,9.210526315789473450e-01,1.000000000000000000e+03,2.986264731337447742e+00,9.996376170155244489e-01,1.000000000000000000e+00,1.050439999999999964e+04,0.000000000000000000e+00
2.400000000000000000e+01,9.700000000000000000e+01,8.500000000000000000e+01,0.000000000000000000e+00,7.000000000000000000e+00,1.522468589246273041e-01,9.672131147540983243e-01,4.090000000000000000e+02,2.486619972666505696e+00,9.998242361327707162e-01,3.000000000000000000e+00,4.473359999999999127e+04,0.000000000000000000e+00
2.500000000000000000e+01,9.700000000000000000e+01,9.100000000000000000e+01,0.000000000000000000e+00,5.000000000000000000e+00,5.828723497688770294e-02,9.836065573770491621e-01,1.137000000000000000e+03,2.670495472069802903e-06,9.998760278967755433e-01,4.000000000000000000e+00,9.687800000000000000e+04,0.000000000000000000e+00
2.600000000000000000e+01,9.700000000000000000e+01,9.400000000000000000e+01,0.000000000000000000e+00,9.000000000000000000e+00,1.535999178886413574e+00,8.360655737704918433e-01,4.840000000000000000e+02,1.270706534782150454e+00,9.998241460615451270e-01,3.000000000000000000e+00,6.324250000000000000e+04,0.000000000000000000e+00
2.700000000000000000e+01,9.700000000000000000e+01,9.300000000000000000e+01,0.000000000000000000e+00,9.000000000000000000e+00,7.511335909366607666e-01,9.117647058823529216e-01,7.230000000000000000e+02,3.536967720952664557e-03,9.998671472645864755e-01,3.000000000000000000e+00,3.662409999999999854e+04,0.000000000000000000e+00
2.800000000000000000e+01,9.700000000000000000e+01,8.300000000000000000e+01,0.000000000000000000e+00,9.000000000000000000e+00,5.759229995310306549e-01,9.275362318840579823e-01,1.038000000000000000e+03,6.014163471898393842e-01,9.997493605586248444e-01,2.000000000000000000e+00,4.340809999999999854e+04,0.000000000000000000e+00
2.900000000000000000e+01,9.700000000000000000e+01,9.100000000000000000e+01,0.000000000000000000e+00,5.000000000000000000e+00,2.622822183184325695e-02,1.000000000000000000e+00,2.690000000000000000e+02,3.024745522402164100e-01,9.987838346273797407e-01,1.000000000000000000e+00,1.073288999999999651e+05,0.000000000000000000e+00
3.000000000000000000e+01,9.700000000000000000e+01,9.200000000000000000e+01,0.000000000000000000e+00,1.200000000000000000e+01,5.323104262351989746e-01,9.399999999999999467e-01,1.113000000000000000e+03,9.836803616550164886e-01,9.999134619016349923e-01,5.000000000000000000e+00,1.610960000000000036e+04,0.000000000000000000e+00
3.100000000000000000e+01,9.700000000000000000e+01,8.400000000000000000e+01,0.000000000000000000e+00,5.000000000000000000e+00,5.401129871606826782e-01,9.268292682926829729e-01,9.800000000000000000e+02,1.389219498853489121e+01,9.998237719752691710e-01,2.000000000000000000e+00,1.034305000000000000e+05,0.000000000000000000e+00
3.200000000000000000e+01,9.700000000000000000e+01,8.800000000000000000e+01,0.000000000000000000e+00,1.100000000000000000e+01,2.394178211688853253e-01,9.411764705882352811e-01,1.040000000000000000e+03,6.980841460249455066e-01,9.998451640176310162e-01,5.000000000000000000e+00,8.776500000000000000e+03,0.000000000000000000e+00
3.300000000000000000e+01,9.700000000000000000e+01,8.700000000000000000e+01,0.000000000000000000e+00,7.000000000000000000e+00,2.200623303651809692e-01,9.473684210526315264e-01,1.001000000000000000e+03,1.421688787230058516e-02,9.998785660516328333e-01,5.000000000000000000e+00,4.219209999999999854e+04,0.000000000000000000e+00
3.400000000000000000e+01,9.700000000000000000e+01,8.500000000000000000e+01,0.000000000000000000e+00,8.000000000000000000e+00,1.388212591409683228e-01,9.705882352941176405e-01,7.520000000000000000e+02,7.134029644065316145e-01,9.997850344645021758e-01,5.000000000000000000e+00,1.998560000000000218e+04,0.000000000000000000e+00
3.500000000000000000e+01,9.700000000000000000e+01,8.900000000000000000e+01,0.000000000000000000e+00,9.000000000000000000e+00,5.664726272225379944e-01,9.354838709677418818e-01,3.940000000000000000e+02,5.493648456154735626e+00,9.994109644129185455e-01,1.000000000000000000e+00,3.412160000000000582e+04,0.000000000000000000e+00
3.600000000000000000e+01,9.700000000000000000e+01,8.300000000000000000e+01,0.000000000000000000e+00,8.000000000000000000e+00,1.179110169410705566e+00,8.510638297872340496e-01,1.199000000000000000e+03,5.256315559850875729e+00,9.998141068416013244e-01,2.000000000000000000e+00,1.900996000000000349e+05,0.000000000000000000e+00
3.700000000000000000e+01,9.700000000000000000e+01,9.300000000000000000e+01,0.000000000000000000e+00,7.000000000000000000e+00,4.355277866125106812e-02,9.803921568627450567e-01,8.850000000000000000e+02,1.070313224365866311e+01,9.991731902947904587e-01,1.000000000000000000e+00,4.166400000000000000e+04,0.000000000000000000e+00
3.800000000000000000e+01,9.700000000000000000e+01,9.200000000000000000e+01,0.000000000000000000e+00,9.000000000000000000e+00,2.684009242802858353e-01,9.687500000000000000e-01,3.530000000000000000e+02,4.243087024040468891e-01,9.999427333060816325e-01,5.000000000000000000e+00,2.518250000000000000e+04,0.000000000000000000e+00
3.900000000000000000e+01,9.700000000000000000e+01,9.000000000000000000e+01,0.000000000000000000e+00,1.500000000000000000e+01,1.955178380012512207e-01,9.666666666666666741e-01,6.710000000000000000e+02,6.099276817570444820e-01,9.998566170920607510e-01,5.000000000000000000e+00,7.937599999999998545e+03,0.000000000000000000e+00
4.000000000000000000e+01,9.700000000000000000e+01,9.700000000000000000e+01,1.000000000000000000e+00,1.400000000000000000e+01,7.595520317554473877e-01,8.750000000000000000e-01,6.970000000000000000e+02,6.110640793856928710e+00,9.996033141932662014e-01,2.000000000000000000e+00,2.949090000000000146e+04,5.299999999999971401e-03
4.100000000000000000e+01,9.700000000000000000e+01,8.400000000000000000e+01,0.000000000000000000e+00,6.000000000000000000e+00,2.814008127897977829e-01,9.746835443037974445e-01,3.530000000000000000e+02,5.567369781598330292e+00,9.997053320765771911e-01,2.000000000000000000e+00,1.679480000000000000e+05,0.000000000000000000e+00
4.200000000000000000e+01,9.700000000000000000e+01,9.500000000000000000e+01,0.000000000000000000e+00,1.000000000000000000e+01,1.829795837402343750e-01,9.655172413793103869e-01,1.142000000000000000e+03,8.783153610724012239e+00,9.997227495162013255e-01,5.000000000000000000e+00,4.164899999999999636e+03,0.000000000000000000e+00
4.300000000000000000e+01,9.700000000000000000e+01,9.500000000000000000e+01,0.000000000000000000e+00,2.700000000000000000e+01,6.156393736600875854e-01,8.775510204081632404e-01,6.410000000000000000e+02,4.186434149287899809e-01,9.999234554142247822e-01,5.000000000000000000e+00,1.361960000000000036e+04,0.000000000000000000e+00
4.400000000000000000e+01,9.700000000000000000e+01,9.500000000000000000e+01,0.000000000000000000e+00,9.000000000000000000e+00,6.710481643676757812e-02,9.666666666666666741e-01,2.960000000000000000e+02,5.835634194845868983e-01,9.997462720450867035e-01,3.000000000000000000e+00,1.067489999999999964e+04,0.000000000000000000e+00
4.500000000000000000e+01,9.700000000000000000e+01,9.100000000000000000e+01,0.000000000000000000e+00,1.100000000000000000e+01,5.762994289398193359e-01,8.906250000000000000e-01,4.950000000000000000e+02,1.665687380080200697e+01,9.993173469758342975e-01,1.000000000000000000e+00,7.141089999999999418e+04,0.000000000000000000e+00
4.600000000000000000e+01,9.700000000000000000e+01,8.000000000000000000e+01,0.000000000000000000e+00,7.000000000000000000e+00,2.474135607481002808e-01,9.666666666666666741e-01,1.144000000000000000e+03,1.455822888363119283e+01,9.997813326335625028e-01,3.000000000000000000e+00,6.060609999999999127e+04,0.000000000000000000e+00
4.700000000000000000e+01,9.700000000000000000e+01,8.400000000000000000e+01,0.000000000000000000e+00,6.000000000000000000e+00,3.440089747309684753e-01,9.444444444444444198e-01,7.180000000000000000e+02,2.396457893144857965e-01,9.999102105851750411e-01,4.000000000000000000e+00,7.021760000000000582e+04,0.000000000000000000e+00
4.800000000000000000e+01,9.700000000000000000e+01,8.300000000000000000e+01,0.000000000000000000e+00,5.000000000000000000e+00,1.085089240223169327e-02,1.000000000000000000e+00,1.033000000000000000e+03,4.521873998384407400e+00,9.996299059043919355e-01,2.000000000000000000e+00,8.272159999999999127e+04,0.000000000000000000e+00
4.900000000000000000e+01,9.700000000000000000e+01,9.100000000000000000e+01,0.000000000000000000e+00,9.000000000000000000e+00,4.850227572023868561e-02,1.000000000000000000e+00,8.030000000000000000e+02,3.714389333323821485e-01,9.998408497992001820e-01,3.000000000000000000e+00,1.493160000000000036e+04,0.000000000000000000e+00
5.000000000000000000e+01,9.700000000000000000e+01,9.200000000000000000e+01,0.000000000000000000e+00,1.600000000000000000e+01,1.496644228696823120e+00,8.499999999999999778e-01,1.007000000000000000e+03,2.547322151447241367e+01,9.998135027225321103e-01,3.000000000000000000e+00,2.168609999999999854e+04,0.000000000000000000e+00
5.100000000000000000e+01,9.700000000000000000e+01,8.700000000000000000e+01,0.000000000000000000e+00,5.000000000000000000e+00,1.542017161846160889e-01,9.886363636363636465e-01,1.169000000000000000e+03,3.988476911195183217e+00,9.997189872747260786e-01,1.000000000000000000e+00,2.168324000000000233e+05,0.000000000000000000e+00
5.200000000000000000e+01,9.700000000000000000e+01,9.000000000000000000e+01,0.000000000000000000e+00,1.000000000000000000e+01,4.527982270810753107e-01,9.629629629629629095e-01,7.220000000000000000e+02,8.330034097187596909e-02,9.999273233269183603e-01,5.000000000000000000e+00,1.964360000000000218e+04,0.000000000000000000e+00
5.300000000000000000e+01,9.700000000000000000e+01,8.400000000000000000e+01,0.000000000000000000e+00,5.000000000000000000e+00,5.999728217720985413e-01,9.610389610389610260e-01,4.470000000000000000e+02,1.707248428417668995e+00,9.997805857457349177e-01,2.000000000000000000e+00,1.708475999999999767e+05,0.000000000000000000e+00
5.400000000000000000e+01,9.700000000000000000e+01,9.600000000000000000e+01,0.000000000000000000e+00,2.400000000000000000e+01,8.455419391393661499e-01,9.210526315789473450e-01,8.090000000000000000e+02,3.837245245854892794e-01,9.998367005222528192e-01,3.000000000000000000e+00,2.992400000000000091e+03,0.000000000000000000e+00
5.500000000000000000e+01,9.700000000000000000e+01,8.800000000000000000e+01,0.000000000000000000e+00,8.000000000000000000e+00,2.786060776561498642e-01,9.552238805970149071e-01,1.016000000000000000e+03,9.913451524292112016e-02,9.997325863852635219e-01,2.000000000000000000e+00,4.284200000000000000e+04,0.000000000000000000e+00
5.600000000000000000e+01,9.700000000000000000e+01,8.600000000000000000e+01,0.000000000000000000e+00,1.000000000000000000e+01,3.689582049846649170e-01,9.444444444444444198e-01,1.108000000000000000e+03,1.746859528098466674e+00,9.997464794245182196e-01,2.000000000000000000e+00,3.066800000000000000e+04,0.000000000000000000e+00
5.700000000000000000e+01,9.700000000000000000e+01,9.300000000000000000e+01,0.000000000000000000e+00,2.900000000000000000e+01,1.408603519201278687e+00,9.117647058823529216e-01,9.580000000000000000e+02,1.003591098676664473e+01,9.998905812092399037e-01,2.000000000000000000e+00,3.180609999999999854e+04,0.000000000000000000e+00
5.800000000000000000e+01,9.700000000000000000e+01,9.100000000000000000e+01,0.000000000000000000e+00,6.000000000000000000e+00,4.749977067112922668e-01,9.672131147540983243e-01,7.030000000000000000e+02,7.236452881684624083e-01,9.998081743013780276e-01,3.000000000000000000e+00,8.889850000000000000e+04,0.000000000000000000e+00
5.900000000000000000e+01,9.700000000000000000e+01,8.600000000000000000e+01,0.000000000000000000e+00,9.000000000000000000e+00,2.537955939769744873e-01,9.193548387096773800e-01,1.189000000000000000e+03,2.822530349405133476e-01,9.999291668209852046e-01,5.000000000000000000e+00,3.207559999999999854e+04,0.000000000000000000e+00
6.000000000000000000e+01,9.700000000000000000e+01,9.600000000000000000e+01,0.000000000000000000e+00,1.300000000000000000e+01,3.341601043939590454e-01,9.482758620689655249e-01,2.780000000000000000e+02,5.029773818150383491e+00,9.997421264552894815e-01,2.000000000000000000e+00,2.350650000000000000e+04,0.000000000000000000e+00
6.100000000000000000e+01,9.700000000000000000e+01,9.500000000000000000e+01,0.000000000000000000e+00,1.100000000000000000e+01,1.997260954231023788e+00,9.565217391304348116e-01,7.770000000000000000e+02,5.134667031253033892e-02,9.998970606398016603e-01,4.000000000000000000e+00,9.016440000000000873e+04,0.000000000000000000e+00
6.200000000000000000e+01,9.700000000000000000e+01,9.500000000000000000e+01,0.000000000000000000e+00,6.000000000000000000e+00,9.187586646021372871e-02,9.866666666666666918e-01,6.580000000000000000e+02,4.031349296004309811e-05,9.998130409197776292e-01,2.000000000000000000e+00,7.540600000000000000e+04,0.000000000000000000e+00
6.300000000000000000e+01,9.700000000000000000e+01,9.500000000000000000e+01,0.000000000000000000e+00,1.400000000000000000e+01,3.895260691642761230e-01,8.846153846153845812e-01,2.900000000000000000e+02,5.250113258987152420e-01,9.993239710068022585e-01,2.000000000000000000e+00,9.870000000000000000e+03,0.000000000000000000e+00
6.400000000000000000e+01,9.700000000000000000e+01,9.400000000000000000e+01,0.000000000000000000e+00,7.000000000000000000e+00,6.646347966161556542e-01,9.384615384615384581e-01,9.800000000000000000e+02,4.596532563559271978e+00,9.992420248967891494e-01,1.000000000000000000e+00,5.929089999999999418e+04,0.000000000000000000e+00
6.500000000000000000e+01,9.700000000000000000e+01,8.800000000000000000e+01,0.000000000000000000e+00,1.000000000000000000e+01,4.048776626586914062e-01,9.285714285714286031e-01,7.980000000000000000e+02,3.184067346096642881e-01,9.998722688124429547e-01,5.000000000000000000e+00,7.642399999999999636e+03,0.000000000000000000e+00
6.600000000000000000e+01,9.700000000000000000e+01,8.800000000000000000e+01,0.000000000000000000e+00,5.000000000000000000e+00,6.409434886882081628e-02,9.879518072289156239e-01,3.260000000000000000e+02,5.062288690260023927e-01,9.998990601007737844e-01,3.000000000000000000e+00,1.281355999999999767e+05,0.000000000000000000e+00
6.700000000000000000e+01,9.700000000000000000e+01,9.600000000000000000e+01,0.000000000000000000e+00,7.000000000000000000e+00,6.842860020697116852e-01,9.402985074626866169e-01,2.920000000000000000e+02,1.554079564261362290e+00,9.996967660431144154e-01,2.000000000000000000e+00,1.018116000000000058e+05,0.000000000000000000e+00
6.800000000000000000e+01,9.700000000000000000e+01,9.500000000000000000e+01,0.000000000000000000e+00,2.600000000000000000e+01,7.449939846992492676e-01,8.666666666666666963e-01,3.320000000000000000e+02,2.768655196620122272e+00,9.997385195435077865e-01,3.000000000000000000e+00,8.314099999999998545e+03,0.000000000000000000e+00
6.900000000000000000e+01,9.700000000000000000e+01,9.700000000000000000e+01,1.000000000000000000e+00,7.000000000000000000e+00,3.874513525515794754e-01,9.753086419753086433e-01,5.400000000000000000e+02,1.904736622142136626e-01,9.999191900836061908e-01,4.000000000000000000e+00,7.554089999999999418e+04,-2.000000000000001776e-03
7.000000000000000000e+01,9.700000000000000000e+01,8.500000000000000000e+01,0.000000000000000000e+00,5.000000000000000000e+00,3.981749815866351128e-01,9.756097560975609539e-01,6.850000000000000000e+02,5.736838520655856283e-03,9.999456547567251441e-01,4.000000000000000000e+00,1.736216000000000058e+05,0.000000000000000000e+00
7.100000000000000000e+01,9.700000000000000000e+01,7.800000000000000000e+01,0.000000000000000000e+00,9.000000000000000000e+00,1.466837078332901001e-01,9.482758620689655249e-01,9.210000000000000000e+02,3.544687507848312880e+00,9.999235748141399593e-01,5.000000000000000000e+00,1.929559999999999854e+04,0.000000000000000000e+00
7.200000000000000000e+01,9.700000000000000000e+01,9.400000000000000000e+01,0.000000000000000000e+00,9.000000000000000000e+00,8.600940406322479248e-01,9.368421052631579204e-01,5.610000000000000000e+02,2.057141028140911487e+00,9.999511875154626361e-01,5.000000000000000000e+00,2.175160000000000000e+05,0.000000000000000000e+00
7.300000000000000000e+01,9.700000000000000000e+01,8.300000000000000000e+01,0.000000000000000000e+00,5.000000000000000000e+00,2.240979245398193598e-01,9.838709677419354982e-01,5.770000000000000000e+02,1.141388974817017232e-01,9.999347936733559150e-01,5.000000000000000000e+00,2.129900000000000000e+05,0.000000000000000000e+00
7.400000000000000000e+01,9.700000000000000000e+01,9.600000000000000000e+01,0.000000000000000000e+00,1.400000000000000000e+01,6.111629009246826172e-01,9.111111111111110938e-01,1.074000000000000000e+03,1.028266500076703505e+00,9.994998414160027878e-01,2.000000000000000000e+00,2.341959999999999854e+04,0.000000000000000000e+00
7.500000000000000000e+01,9.700000000000000000e+01,8.900000000000000000e+01,0.000000000000000000e+00,1.000000000000000000e+01,2.312539797276258469e-01,9.682539682539682557e-01,4.610000000000000000e+02,8.458765312380210621e-02,9.998900076124126457e-01,4.000000000000000000e+00,3.046809999999999854e+04,0.000000000000000000e+00
7.600000000000000000e+01,9.700000000000000000e+01,8.700000000000000000e+01,0.000000000000000000e+00,7.000000000000000000e+00,3.092491924762725830e-01,9.523809523809523281e-01,3.540000000000000000e+02,3.330635697532257744e+00,9.994686464621153066e-01,1.000000000000000000e+00,5.886960000000000582e+04,0.000000000000000000e+00
7.700000000000000000e+01,9.700000000000000000e+01,9.000000000000000000e+01,0.000000000000000000e+00,1.400000000000000000e+01,1.488207399379462004e-01,9.459459459459459429e-01,7.100000000000000000e+02,4.222603749058370659e-01,9.998182126072701070e-01,4.000000000000000000e+00,6.298099999999999454e+03,0.000000000000000000e+00
7.800000000000000000e+01,9.700000000000000000e+01,8.700000000000000000e+01,0.000000000000000000e+00,9.000000000000000000e+00,1.996707133948802948e-01,9.574468085106383475e-01,5.250000000000000000e+02,4.212885781463540980e+00,9.998531183332619587e-01,4.000000000000000000e+00,2.337810000000000218e+04,0.000000000000000000e+00
7.900000000000000000e+01,9.700000000000000000e+01,8.500000000000000000e+01,0.000000000000000000e+00,6.000000000000000000e+00,1.510240637386814910e-01,9.850746268656715987e-01,9.770000000000000000e+02,7.503635236306989046e-08,9.998821349948554538e-01,3.000000000000000000e+00,6.683089999999999418e+04,0.000000000000000000e+00
8.000000000000000000e+01,9.700000000000000000e+01,8.100000000000000000e+01,0.000000000000000000e+00,5.000000000000000000e+00,2.873262437049106666e-02,1.000000000000000000e+00,7.270000000000000000e+02,5.928901473728426907e+00,9.998275166566199523e-01,2.000000000000000000e+00,1.448781000000000058e+05,0.000000000000000000e+00
8.100000000000000000e+01,9.700000000000000000e+01,8.400000000000000000e+01,0.000000000000000000e+00,7.000000000000000000e+00,7.605814247702546993e-01,9.571428571428571841e-01,4.390000000000000000e+02,2.549004725563924212e-01,9.998522271321416133e-01,3.000000000000000000e+00,1.119996000000000058e+05,0.000000000000000000e+00
8.200000000000000000e+01,9.700000000000000000e+01,8.500000000000000000e+01,0.000000000000000000e+00,6.000000000000000000e+00,1.677794978022575378e-01,9.799999999999999822e-01,2.910000000000000000e+02,5.374505227341769276e-02,9.998455260287700819e-01,3.000000000000000000e+00,6.987400000000000000e+04,0.000000000000000000e+00
8.300000000000000000e+01,9.700000000000000000e+01,9.000000000000000000e+01,0.000000000000000000e+00,6.000000000000000000e+00,5.099294666433706880e-01,9.666666666666666741e-01,4.260000000000000000e+02,4.201420358929276039e-02,9.993755135809475609e-01,1.000000000000000000e+00,9.505840000000000873e+04,0.000000000000000000e+00
8.400000000000000000e+01,9.700000000000000000e+01,9.700000000000000000e+01,1.000000000000000000e+00,1.000000000000000000e+01,1.314712226390838623e+00,8.800000000000000044e-01,1.020000000000000000e+03,4.297252113003137142e-01,9.999226255039751488e-01,5.000000000000000000e+00,7.392160000000002037e+04,-3.099999999999991651e-03
8.500000000000000000e+01,9.700000000000000000e+01,9.100000000000000000e+01,0.000000000000000000e+00,1.000000000000000000e+01,1.132756859064102173e+00,8.777777777777777679e-01,8.860000000000000000e+02,9.437958216269598521e-01,9.998191371763711643e-01,3.000000000000000000e+00,1.284105000000000000e+05,0.000000000000000000e+00
8.600000000000000000e+01,9.700000000000000000e+01,9.100000000000000000e+01,0.000000000000000000e+00,9.000000000000000000e+00,8.578568510711193085e-02,9.714285714285714191e-01,1.061000000000000000e+03,2.210362329691286210e+00,9.994991541903572863e-01,2.000000000000000000e+00,1.795410000000000218e+04,0.000000000000000000e+00
8.700000000000000000e+01,9.700000000000000000e+01,9.500000000000000000e+01,0.000000000000000000e+00,6.000000000000000000e+00,1.271962262690067291e-01,9.682539682539682557e-01,8.550000000000000000e+02,1.848664842492849347e+00,9.998456822583919879e-01,4.000000000000000000e+00,6.694210000000000582e+04,0.000000000000000000e+00
8.800000000000000000e+01,9.700000000000000000e+01,9.400000000000000000e+01,0.000000000000000000e+00,2.400000000000000000e+01,6.881814748048782349e-01,8.461538461538461453e-01,2.050000000000000000e+02,1.071843840240463974e+00,9.998498029682038046e-01,3.000000000000000000e+00,2.073440000000000146e+04,0.000000000000000000e+00
8.900000000000000000e+01,9.700000000000000000e+01,9.200000000000000000e+01,0.000000000000000000e+00,1.200000000000000000e+01,1.929564606398344040e-01,9.545454545454545858e-01,1.160000000000000000e+03,8.792751852329546702e-01,9.998769334321276903e-01,3.000000000000000000e+00,1.851839999999999782e+04,0.000000000000000000e+00
9.000000000000000000e+01,9.700000000000000000e+01,9.700000000000000000e+01,1.000000000000000000e+00,9.000000000000000000e+00,2.485390901565551758e-01,9.387755102040816757e-01,1.075000000000000000e+03,1.101586506896162332e+00,9.998295435005141174e-01,3.000000000000000000e+00,2.486160000000000218e+04,3.000000000000002665e-03
9.100000000000000000e+01,9.700000000000000000e+01,9.700000000000000000e+01,1.000000000000000000e+00,1.200000000000000000e+01,2.249889560043811798e-01,9.807692307692307265e-01,1.109000000000000000e+03,1.457037320382851719e+00,9.996496897825942751e-01,1.000000000000000000e+00,2.142650000000000000e+04,4.000000000000003553e-03
9.200000000000000000e+01,9.700000000000000000e+01,8.300000000000000000e+01,0.000000000000000000e+00,5.000000000000000000e+00,2.552217300981283188e-01,9.638554216867469826e-01,7.570000000000000000e+02,5.628065584407974775e+00,9.995254392876660177e-01,1.000000000000000000e+00,1.252580999999999913e+05,0.000000000000000000e+00
9.300000000000000000e+01,9.700000000000000000e+01,9.400000000000000000e+01,0.000000000000000000e+00,9.000000000000000000e+00,4.685363024473190308e-01,9.333333333333333481e-01,1.035000000000000000e+03,2.615014102776225605e-04,9.998020534257681113e-01,3.000000000000000000e+00,3.973650000000000000e+04,0.000000000000000000e+00
9.400000000000000000e+01,9.700000000000000000e+01,9.600000000000000000e+01,0.000000000000000000e+00,1.500000000000000000e+01,3.550139460712671280e-01,8.484848484848485084e-01,7.660000000000000000e+02,2.460215569147093717e+00,9.996825269304101536e-01,4.000000000000000000e+00,9.820899999999999636e+03,0.000000000000000000e+00
9.500000000000000000e+01,9.700000000000000000e+01,8.800000000000000000e+01,0.000000000000000000e+00,1.000000000000000000e+01,6.341350264847278595e-03,1.000000000000000000e+00,5.350000000000000000e+02,4.025733604203337590e-01,9.998412963616768456e-01,5.000000000000000000e+00,9.544099999999998545e+03,0.000000000000000000e+00
9.600000000000000000e+01,9.700000000000000000e+01,9.700000000000000000e+01,1.000000000000000000e+00,1.000000000000000000e+01,1.012800633907318115e-01,1.000000000000000000e+00,1.188000000000000000e+03,8.681160667875437165e-01,9.993222035374750289e-01,1.000000000000000000e+00,3.048000000000000000e+03,5.099999999999993427e-03
9.700000000000000000e+01,9.700000000000000000e+01,9.600000000000000000e+01,0.000000000000000000e+00,7.000000000000000000e+00,1.061110273934900761e+00,8.769230769230769162e-01,5.700000000000000000e+02,5.282673828417987494e-01,9.998986090828546613e-01,5.000000000000000000e+00,8.011050000000000000e+04,0.000000000000000000e+00
9.800000000000000000e+01,9.700000000000000000e+01,8.400000000000000000e+01,0.000000000000000000e+00,5.000000000000000000e+00,2.525800166258704849e-01,9.834710743801653443e-01,8.160000000000000000e+02,3.163610680992660017e-04,9.999626326341057858e-01,4.000000000000000000e+00,4.069995999999999767e+05,0.000000000000000000e+00
9.900000000000000000e+01,9.700000000000000000e+01,9.700000000000000000e+01,1.000000000000000000e+00,9.000000000000000000e+00,4.290563911199569702e-01,9.622641509433962348e-01,2.490000000000000000e+02,1.577965801588341026e-03,9.997863335030092724e-01,5.000000000000000000e+00,5.048609999999999854e+04,1.399999999999956835e-03
